combined,algoritmo,packet_size,hook_ebpf,var_ip,timeout,context_switches,cpu_migrations,page_faults,cycles,instructions,branches,branch_misses,L1_dcache_loads,L1_dcache_load_misses,LLC_loads,LLC_load_misses,L1_icache_load_misses,dTLB_loads,dTLB_load_misses,iTLB_loads,iTLB_load_misses
1,for_0_a_6400,64,xdpgeneric,0.0.0.255,60,1,0,65,968.321,1.023.056,208.518,7.864,272.926,18.493,0,0,0,0,0,0,0
1,for_0_a_100,256,xdpdrv,0.0.0.255,60,1,0,64,943.260,1.015.087,205.918,7.356,270.668,19.859,0,0,0,0,0,0,0
2,for_0_a_800,1500,xdpdrv,0.0.0.255,60,1,0,63,984.914,1.021.478,207.957,7.803,272.820,16.928,0,0,0,0,0,0,0
1,for_0_a_100,512,xdpgeneric,0.0.0.255,60,1,0,63,952.670,1.002.325,204.090,7.729,267.435,0,0,0,0,0,0,0,0
2,for_0_a_12800,64,xdpgeneric,0.0.0.255,60,1,0,63,971.085,1.009.293,205.191,7.882,269.244,17.195,0,0,0,0,0,0,0
2,for_0_a_800,64,xdpdrv,0.0.0.255,60,1,0,65,946.422,1.019.535,207.711,7.531,271.852,0,0,0,0,0,0,0,0
2,for_0_a_0,1500,xdpgeneric,0.0.0.255,60,1,0,63,1.011.990,1.003.304,204.232,8.078,267.409,15.310,0,0,0,0,0,0,0
8,for_0_a_1,64,xdpdrv,0.0.0.255,60,1,0,64,1.234.477,1.012.852,205.870,7.848,270.236,0,0,0,0,0,0,0,0
4,for_0_a_12800,1024,xdpgeneric,0.0.0.255,60,1,0,63,948.013,1.011.545,206.160,7.561,269.588,0,0,0,0,0,0,0,0
2,for_0_a_200,1024,xdpgeneric,0.0.0.255,60,1,0,64,965.380,1.010.325,206.105,7.596,269.603,0,0,0,0,0,0,0,0
1,for_0_a_100,512,xdpdrv,0.0.0.255,60,1,0,63,968.760,999.383,203.316,7.759,266.656,0,0,0,0,0,0,0,0
8,for_0_a_3200,1024,xdpgeneric,0.0.0.255,60,1,0,62,1.697.757,998.629,203.068,8.062,266.657,0,0,0,0,0,0,0,0
2,for_0_a_400,64,xdpgeneric,0.0.0.255,60,1,0,65,1.013.920,1.026.008,208.428,7.825,273.742,15.720,0,0,0,0,0,0,0
8,for_0_a_100,256,xdpdrv,0.0.0.255,60,1,0,64,1.736.880,2.566.127,498.062,8.884,782.938,0,0,0,0,0,0,0,0
4,for_0_a_1,128,xdpgeneric,0.0.0.255,60,1,0,63,1.047.429,1.000.576,203.677,7.955,266.956,14.524,0,0,0,0,0,0,0
8,for_0_a_6400,64,xdpdrv,0.0.0.255,60,1,0,65,1.598.815,1.026.692,209.275,8.029,274.310,0,0,0,0,0,0,0,0
1,for_0_a_0,1024,xdpdrv,0.0.0.255,60,1,0,62,925.560,1.001.129,204.219,7.757,267.087,18.541,0,0,0,0,0,0,0
1,for_0_a_1600,512,xdpgeneric,0.0.0.255,60,1,0,64,981.322,1.033.472,209.732,8.069,274.728,0,0,0,0,0,0,0,0
2,for_0_a_1,256,xdpgeneric,0.0.0.255,60,1,0,63,974.559,1.007.074,204.895,7.758,268.682,18.043,0,0,0,0,0,0,0
1,for_0_a_200,128,xdpdrv,0.0.0.255,60,1,0,62,930.190,1.004.372,204.621,7.715,267.899,20.078,0,0,0,0,0,0,0
8,for_0_a_0,64,xdpdrv,0.0.0.255,60,1,0,64,1.278.243,1.038.100,210.161,7.856,276.401,0,0,0,0,0,0,0,0
2,for_0_a_800,1024,xdpgeneric,0.0.0.255,60,1,0,63,1.010.493,1.024.162,208.248,7.965,273.528,15.439,0,0,0,0,0,0,0
4,for_0_a_200,512,xdpgeneric,0.0.0.255,60,1,0,64,1.055.303,1.015.195,206.518,7.702,270.675,18.584,0,0,0,0,0,0,0
2,for_0_a_200,256,xdpdrv,0.0.0.255,60,1,0,65,977.773,1.044.397,212.139,7.608,278.802,24.059,0,0,0,0,0,0,0
2,for_0_a_12800,128,xdpgeneric,0.0.0.255,60,1,0,63,976.032,1.014.288,205.751,7.801,270.534,18.308,0,0,0,0,0,0,0
8,for_0_a_1600,128,xdpdrv,0.0.0.255,60,1,0,64,1.571.880,1.017.216,207.333,8.203,271.641,0,0,0,0,0,0,0,0
8,for_0_a_100,1500,xdpgeneric,0.0.0.255,60,1,0,65,1.581.352,1.629.169,317.128,8.075,465.756,46.613,0,0,0,0,0,0,0
2,for_0_a_1600,1024,xdpdrv,0.0.0.255,60,1,0,64,956.677,1.002.166,204.323,7.899,267.285,20.232,0,0,0,0,0,0,0
2,for_0_a_1600,1500,xdpdrv,0.0.0.255,60,1,0,64,968.942,1.040.486,211.865,8.083,278.252,18.532,0,0,0,0,0,0,0
8,for_0_a_3200,512,xdpdrv,0.0.0.255,60,1,0,63,1.590.953,1.017.483,207.097,7.767,271.790,0,0,0,0,0,0,0,0
1,for_0_a_1,128,xdpgeneric,0.0.0.255,60,1,0,65,934.705,1.027.352,209.214,7.320,274.155,0,0,0,0,0,0,0,0
2,for_0_a_3200,256,xdpdrv,0.0.0.255,60,1,0,64,953.376,1.009.852,206.171,7.944,269.441,20.332,0,0,0,0,0,0,0
2,for_0_a_12800,1500,xdpgeneric,0.0.0.255,60,1,0,63,948.332,1.004.219,204.301,7.902,267.864,18.564,0,0,0,0,0,0,0
8,for_0_a_1,1500,xdpgeneric,0.0.0.255,60,1,0,63,1.519.441,1.426.326,276.939,8.343,396.572,51.120,0,0,0,0,0,0,0
4,for_0_a_0,1500,xdpdrv,0.0.0.255,60,1,0,63,972.015,1.025.120,208.616,8.211,273.588,19.238,0,0,0,0,0,0,0
8,for_0_a_400,64,xdpdrv,0.0.0.255,60,1,0,63,1.560.548,1.017.613,207.571,8.014,271.578,0,0,0,0,0,0,0,0
4,for_0_a_0,64,xdpdrv,0.0.0.255,60,1,0,65,1.013.362,1.027.749,209.391,8.093,274.696,17.985,0,0,0,0,0,0,0
4,for_0_a_400,128,xdpdrv,0.0.0.255,60,1,0,65,956.560,1.029.840,209.689,7.656,275.230,0,0,0,0,0,0,0,0
4,for_0_a_3200,128,xdpgeneric,0.0.0.255,60,1,0,63,1.079.527,1.013.991,206.602,8.009,270.600,0,0,0,0,0,0,0,0
2,for_0_a_3200,1024,xdpgeneric,0.0.0.255,60,1,0,65,973.835,1.031.902,209.972,7.893,275.580,0,0,0,0,0,0,0,0
4,for_0_a_800,256,xdpgeneric,0.0.0.255,60,1,0,65,997.831,1.034.001,209.938,7.900,276.011,0,0,0,0,0,0,0,0
2,for_0_a_1600,64,xdpgeneric,0.0.0.255,60,1,0,62,996.080,1.014.855,206.118,8.102,270.532,0,0,0,0,0,0,0,0
2,for_0_a_6400,1024,xdpgeneric,0.0.0.255,60,1,0,63,1.007.800,1.027.980,209.034,8.128,274.478,16.222,0,0,0,0,0,0,0
2,for_0_a_1,64,xdpdrv,0.0.0.255,60,1,0,63,953.912,1.004.356,204.366,7.834,267.829,18.476,0,0,0,0,0,0,0
4,for_0_a_200,256,xdpdrv,0.0.0.255,60,1,0,65,1.591.863,1.021.693,207.844,7.908,272.633,0,0,0,0,0,0,0,0
8,for_0_a_200,1024,xdpdrv,0.0.0.255,60,1,0,62,1.266.791,1.553.524,307.678,8.109,450.220,0,0,0,0,0,0,0,0
8,for_0_a_6400,1024,xdpgeneric,0.0.0.255,60,1,0,64,1.702.326,1.044.964,212.210,7.883,279.542,0,0,0,0,0,0,0,0
1,for_0_a_1,64,xdpgeneric,0.0.0.255,60,1,0,63,981.921,1.010.124,205.982,8.009,269.338,0,0,0,0,0,0,0,0
2,for_0_a_1600,256,xdpgeneric,0.0.0.255,60,1,0,65,989.539,1.036.410,210.618,7.931,277.249,0,0,0,0,0,0,0,0
8,for_0_a_1600,1500,xdpgeneric,0.0.0.255,60,1,0,63,4.156.433,7.712.295,1.472.763,8.769,2.489.255,46.789,0,0,0,0,0,0,0
2,for_0_a_800,128,xdpdrv,0.0.0.255,60,1,0,64,958.559,1.031.574,210.283,7.958,275.594,21.308,0,0,0,0,0,0,0
4,for_0_a_200,256,xdpgeneric,0.0.0.255,60,1,0,64,1.047.735,1.014.944,206.654,7.819,270.702,16.119,0,0,0,0,0,0,0
8,for_0_a_800,1500,xdpgeneric,0.0.0.255,60,1,0,63,2.347.051,3.495.211,672.205,8.682,1.088.215,0,0,0,0,0,0,0,0
8,for_0_a_800,256,xdpdrv,0.0.0.255,60,1,0,62,1.566.513,1.005.444,203.896,7.958,267.945,0,0,0,0,0,0,0,0
4,for_0_a_100,512,xdpgeneric,0.0.0.255,60,1,0,64,1.241.169,1.012.711,206.232,7.670,270.209,0,0,0,0,0,0,0,0
8,for_0_a_12800,512,xdpgeneric,0.0.0.255,60,1,0,63,1.638.240,993.724,202.323,7.204,265.030,0,0,0,0,0,0,0,0
8,for_0_a_200,1500,xdpdrv,0.0.0.255,60,1,0,64,1.285.715,1.644.650,325.484,8.130,478.101,0,0,0,0,0,0,0,0
1,for_0_a_1,256,xdpgeneric,0.0.0.255,60,1,0,63,972.942,1.004.354,204.172,7.917,267.936,0,0,0,0,0,0,0,0
2,for_0_a_100,1500,xdpdrv,0.0.0.255,60,1,0,64,1.266.852,1.026.016,208.612,7.607,273.962,0,0,0,0,0,0,0,0
1,for_0_a_12800,128,xdpdrv,0.0.0.255,60,1,0,64,944.565,1.016.162,207.056,7.895,271.030,0,0,0,0,0,0,0,0
2,for_0_a_3200,128,xdpdrv,0.0.0.255,60,1,0,62,949.144,998.472,203.483,7.662,266.278,18.584,0,0,0,0,0,0,0
8,for_0_a_800,64,xdpdrv,0.0.0.255,60,1,0,65,1.545.337,1.024.366,208.737,7.597,273.241,0,0,0,0,0,0,0,0
2,for_0_a_0,256,xdpgeneric,0.0.0.255,60,1,0,65,991.034,1.032.607,210.271,7.921,275.612,0,0,0,0,0,0,0,0
1,for_0_a_400,128,xdpdrv,0.0.0.255,60,1,0,63,952.242,1.010.954,205.956,7.860,269.974,20.899,0,0,0,0,0,0,0
1,for_0_a_12800,1500,xdpdrv,0.0.0.255,60,1,0,64,940.904,1.038.303,211.257,7.507,277.386,36.139,0,0,0,0,0,0,0
4,for_0_a_12800,128,xdpdrv,0.0.0.255,60,1,0,63,964.070,1.015.429,206.709,8.005,270.751,9.946,0,0,0,0,0,0,0
1,for_0_a_3200,128,xdpdrv,0.0.0.255,60,1,0,65,958.924,1.019.943,207.506,8.208,272.193,0,0,0,0,0,0,0,0
4,for_0_a_800,64,xdpgeneric,0.0.0.255,60,1,0,63,990.401,1.005.433,204.865,7.784,268.292,18.572,0,0,0,0,0,0,0
1,for_0_a_200,64,xdpdrv,0.0.0.255,60,1,0,63,955.962,1.027.373,209.730,8.076,274.374,0,0,0,0,0,0,0,0
1,for_0_a_1600,1024,xdpdrv,0.0.0.255,60,1,0,63,929.212,1.009.810,205.864,7.297,269.193,20.585,0,0,0,0,0,0,0
4,for_0_a_200,512,xdpdrv,0.0.0.255,60,1,0,63,1.500.845,1.019.715,207.779,7.534,272.074,0,0,0,0,0,0,0,0
8,for_0_a_1600,64,xdpdrv,0.0.0.255,60,1,0,64,1.515.083,1.033.154,209.888,7.603,276.301,0,0,0,0,0,0,0,0
2,for_0_a_3200,128,xdpgeneric,0.0.0.255,60,1,0,64,982.165,1.023.173,207.649,8.037,273.197,16.729,0,0,0,0,0,0,0
4,for_0_a_100,1500,xdpgeneric,0.0.0.255,60,1,0,65,2.192.269,2.249.970,428.364,9.314,662.488,60.998,0,0,0,0,0,0,0
4,for_0_a_200,64,xdpdrv,0.0.0.255,60,1,0,64,967.807,1.020.880,207.601,7.778,272.352,20.054,0,0,0,0,0,0,0
2,for_0_a_400,128,xdpdrv,0.0.0.255,60,1,0,64,946.789,1.003.822,204.498,7.740,267.662,19.344,0,0,0,0,0,0,0
8,for_0_a_800,128,xdpgeneric,0.0.0.255,60,1,0,64,1.830.612,1.050.401,213.179,8.140,280.891,0,0,0,0,0,0,0,0
4,for_0_a_100,512,xdpdrv,0.0.0.255,60,1,0,64,960.032,1.025.809,208.520,8.059,273.533,21.305,0,0,0,0,0,0,0
1,for_0_a_6400,512,xdpdrv,0.0.0.255,60,1,0,64,956.385,1.026.859,208.147,7.726,272.952,0,0,0,0,0,0,0,0
8,for_0_a_0,512,xdpdrv,0.0.0.255,60,1,0,63,1.099.940,1.143.166,229.150,8.018,311.243,27.136,0,0,0,0,0,0,0
1,for_0_a_400,64,xdpgeneric,0.0.0.255,60,1,0,64,982.694,1.010.639,206.405,8.176,269.635,0,0,0,0,0,0,0,0
1,for_0_a_3200,256,xdpdrv,0.0.0.255,60,1,0,64,953.247,1.011.086,205.477,7.831,269.792,19.176,0,0,0,0,0,0,0
2,for_0_a_800,512,xdpgeneric,0.0.0.255,60,1,0,63,1.185.484,1.007.156,205.456,8.169,268.490,0,0,0,0,0,0,0,0
2,for_0_a_0,1500,xdpdrv,0.0.0.255,60,1,0,64,957.297,1.016.157,206.968,8.096,270.884,0,0,0,0,0,0,0,0
1,for_0_a_800,128,xdpdrv,0.0.0.255,60,1,0,63,930.078,1.008.948,205.007,7.072,269.079,21.484,0,0,0,0,0,0,0
8,for_0_a_1,512,xdpdrv,0.0.0.255,60,1,0,63,1.083.202,1.012.720,206.462,8.086,270.204,28.060,0,0,0,0,0,0,0
2,for_0_a_100,1024,xdpdrv,0.0.0.255,60,1,0,65,959.594,1.030.275,209.603,7.982,275.150,0,0,0,0,0,0,0,0
4,for_0_a_200,1024,xdpgeneric,0.0.0.255,60,1,0,64,971.789,1.015.477,206.804,7.833,270.872,17.298,0,0,0,0,0,0,0
2,for_0_a_400,512,xdpgeneric,0.0.0.255,60,1,0,63,994.204,1.012.456,206.151,7.469,270.107,15.408,0,0,0,0,0,0,0
1,for_0_a_0,512,xdpdrv,0.0.0.255,60,1,0,63,937.853,1.011.256,205.765,7.948,269.887,19.018,0,0,0,0,0,0,0
2,for_0_a_200,64,xdpgeneric,0.0.0.255,60,1,0,65,1.030.732,1.043.714,212.186,7.808,278.675,15.818,0,0,0,0,0,0,0
8,for_0_a_400,64,xdpgeneric,0.0.0.255,60,1,0,63,1.858.182,1.011.463,206.255,8.147,269.892,0,0,0,0,0,0,0,0
4,for_0_a_800,64,xdpdrv,0.0.0.255,60,1,0,64,1.072.694,1.026.438,208.880,7.649,274.095,0,0,0,0,0,0,0,0
2,for_0_a_800,64,xdpgeneric,0.0.0.255,60,1,0,64,1.020.841,1.009.320,205.338,8.214,269.394,15.115,0,0,0,0,0,0,0
8,for_0_a_1600,256,xdpgeneric,0.0.0.255,60,1,0,62,1.733.842,1.011.217,206.153,7.938,269.979,0,0,0,0,0,0,0,0
1,for_0_a_100,256,xdpgeneric,0.0.0.255,60,1,0,62,994.058,1.001.606,204.491,7.974,266.940,16.144,0,0,0,0,0,0,0
2,for_0_a_12800,1024,xdpdrv,0.0.0.255,60,1,0,63,906.533,1.003.150,204.224,7.041,267.574,19.912,0,0,0,0,0,0,0
2,for_0_a_0,1024,xdpgeneric,0.0.0.255,60,1,0,62,991.494,1.000.474,203.550,8.073,266.978,0,0,0,0,0,0,0,0
8,for_0_a_0,256,xdpdrv,0.0.0.255,60,1,0,63,1.183.807,1.287.333,255.832,8.008,354.569,0,0,0,0,0,0,0,0
4,for_0_a_6400,256,xdpdrv,0.0.0.255,60,1,0,62,989.930,1.000.173,203.414,7.745,266.940,0,0,0,0,0,0,0,0
8,for_0_a_800,512,xdpgeneric,0.0.0.255,60,1,0,64,1.783.587,1.010.081,205.353,7.694,269.565,0,0,0,0,0,0,0,0
8,for_0_a_3200,128,xdpgeneric,0.0.0.255,60,1,0,65,1.761.424,1.039.268,210.796,8.194,277.998,0,0,0,0,0,0,0,0
4,for_0_a_1,1500,xdpdrv,0.0.0.255,60,1,0,62,942.602,993.686,202.181,7.604,264.930,0,0,0,0,0,0,0,0
8,for_0_a_0,1500,xdpdrv,0.0.0.255,60,1,0,65,1.064.351,1.025.029,209.234,8.133,273.721,18.887,0,0,0,0,0,0,0
1,for_0_a_100,128,xdpgeneric,0.0.0.255,60,1,0,64,969.426,1.021.142,208.156,8.200,272.327,0,0,0,0,0,0,0,0
2,for_0_a_1600,512,xdpdrv,0.0.0.255,60,1,0,63,951.469,1.014.174,206.828,7.786,270.456,20.370,0,0,0,0,0,0,0
8,for_0_a_6400,64,xdpgeneric,0.0.0.255,60,1,0,65,1.704.892,1.029.169,209.570,7.871,274.886,0,0,0,0,0,0,0,0
4,for_0_a_3200,256,xdpdrv,0.0.0.255,60,1,0,63,946.189,1.030.504,209.867,7.979,275.035,0,0,0,0,0,0,0,0
1,for_0_a_0,512,xdpgeneric,0.0.0.255,60,1,0,64,981.893,1.039.793,211.389,7.905,277.512,18.330,0,0,0,0,0,0,0
4,for_0_a_1600,256,xdpgeneric,0.0.0.255,60,1,0,64,980.634,1.002.341,204.372,7.819,267.569,0,0,0,0,0,0,0,0
4,for_0_a_800,1024,xdpdrv,0.0.0.255,60,1,0,64,945.054,1.012.387,206.320,7.642,270.199,0,0,0,0,0,0,0,0
4,for_0_a_1,256,xdpdrv,0.0.0.255,60,1,0,63,942.481,1.012.053,205.889,7.823,270.133,18.619,0,0,0,0,0,0,0
8,for_0_a_200,1500,xdpgeneric,0.0.0.255,60,1,0,63,1.632.814,1.809.395,351.364,8.273,527.679,33.180,0,0,0,0,0,0,0
2,for_0_a_400,1500,xdpdrv,0.0.0.255,60,1,0,65,1.149.838,1.014.466,206.447,8.106,270.701,0,0,0,0,0,0,0,0
2,for_0_a_800,512,xdpdrv,0.0.0.255,60,1,0,64,958.857,1.050.585,212.661,7.358,280.269,18.766,0,0,0,0,0,0,0
8,for_0_a_1,256,xdpdrv,0.0.0.255,60,1,0,66,1.127.169,1.043.338,212.241,7.803,278.491,0,0,0,0,0,0,0,0
2,for_0_a_200,256,xdpgeneric,0.0.0.255,60,1,0,63,954.162,1.000.548,203.642,7.831,266.817,0,0,0,0,0,0,0,0
4,for_0_a_100,1500,xdpdrv,0.0.0.255,60,1,0,63,1.151.558,996.249,203.088,7.886,265.962,0,0,0,0,0,0,0,0
8,for_0_a_1600,256,xdpdrv,0.0.0.255,60,1,0,62,1.513.997,1.007.986,205.503,7.777,269.029,0,0,0,0,0,0,0,0
8,for_0_a_200,64,xdpgeneric,0.0.0.255,60,1,0,64,1.898.174,1.007.053,204.787,8.041,268.630,0,0,0,0,0,0,0,0
1,for_0_a_400,256,xdpdrv,0.0.0.255,60,1,0,64,1.148.813,1.022.476,207.034,7.626,271.647,0,0,0,0,0,0,0,0
8,for_0_a_12800,1500,xdpdrv,0.0.0.255,60,1,0,64,1.571.216,1.023.685,208.008,7.604,273.256,0,0,0,0,0,0,0,0
1,for_0_a_3200,128,xdpgeneric,0.0.0.255,60,1,0,63,954.663,1.006.883,205.093,7.843,268.471,17.699,0,0,0,0,0,0,0
4,for_0_a_800,1500,xdpdrv,0.0.0.255,60,1,0,65,1.539.607,1.026.226,208.674,8.026,273.983,0,0,0,0,0,0,0,0
4,for_0_a_400,256,xdpgeneric,0.0.0.255,60,1,0,65,981.364,1.033.727,210.546,7.393,275.934,17.560,0,0,0,0,0,0,0
8,for_0_a_12800,64,xdpdrv,0.0.0.255,60,1,0,64,1.579.423,1.020.692,207.669,8.165,272.566,0,0,0,0,0,0,0,0
2,for_0_a_800,256,xdpdrv,0.0.0.255,60,1,0,64,936.101,1.024.202,208.590,7.886,273.302,19.551,0,0,0,0,0,0,0
8,for_0_a_12800,1500,xdpgeneric,0.0.0.255,60,1,0,63,1.711.737,1.038.461,211.266,8.089,277.553,0,0,0,0,0,0,0,0
1,for_0_a_100,128,xdpdrv,0.0.0.255,60,1,0,65,943.894,1.035.946,210.661,7.667,276.416,19.177,0,0,0,0,0,0,0
1,for_0_a_1,1500,xdpdrv,0.0.0.255,60,1,0,63,953.609,1.006.278,205.015,8.059,268.013,20.016,0,0,0,0,0,0,0
2,for_0_a_1,256,xdpdrv,0.0.0.255,60,1,0,63,949.239,1.009.958,205.616,7.869,269.301,0,0,0,0,0,0,0,0
4,for_0_a_800,1024,xdpgeneric,0.0.0.255,60,1,0,64,1.004.753,1.023.313,208.549,8.022,272.929,0,0,0,0,0,0,0,0
2,for_0_a_800,128,xdpgeneric,0.0.0.255,60,1,0,64,955.719,1.005.329,204.642,7.671,268.453,0,0,0,0,0,0,0,0
1,for_0_a_1,256,xdpdrv,0.0.0.255,60,1,0,64,969.043,1.022.022,207.826,8.073,272.549,27.213,0,0,0,0,0,0,0
4,for_0_a_400,1024,xdpdrv,0.0.0.255,60,1,0,63,1.451.088,1.032.441,210.368,7.991,275.686,0,0,0,0,0,0,0,0
4,for_0_a_6400,64,xdpgeneric,0.0.0.255,60,1,0,64,990.306,1.017.922,206.931,8.029,271.703,0,0,0,0,0,0,0,0
4,for_0_a_1600,256,xdpdrv,0.0.0.255,60,1,0,62,947.582,1.009.719,205.709,7.866,269.349,0,0,0,0,0,0,0,0
2,for_0_a_12800,1500,xdpdrv,0.0.0.255,60,1,0,62,937.345,997.322,203.046,7.449,265.964,22.230,0,0,0,0,0,0,0
1,for_0_a_12800,64,xdpgeneric,0.0.0.255,60,1,0,64,998.249,1.033.067,210.426,7.861,275.667,0,0,0,0,0,0,0,0
8,for_0_a_6400,512,xdpgeneric,0.0.0.255,60,1,0,63,1.708.231,1.033.685,209.910,7.955,276.484,0,0,0,0,0,0,0,0
8,for_0_a_0,128,xdpgeneric,0.0.0.255,60,1,0,62,2.126.116,996.268,202.831,8.049,265.554,0,0,0,0,0,0,0,0
1,for_0_a_800,1024,xdpgeneric,0.0.0.255,60,1,0,64,945.458,1.007.965,205.183,8.019,269.107,0,0,0,0,0,0,0,0
1,for_0_a_1600,1500,xdpdrv,0.0.0.255,60,1,0,64,957.344,1.016.177,207.058,7.867,271.114,18.653,0,0,0,0,0,0,0
4,for_0_a_0,1500,xdpgeneric,0.0.0.255,60,1,0,64,1.930.022,1.748.540,332.625,8.242,493.099,61.856,0,0,0,0,0,0,0
4,for_0_a_1,512,xdpdrv,0.0.0.255,60,1,0,64,954.234,1.020.647,208.006,7.727,272.191,19.326,0,0,0,0,0,0,0
2,for_0_a_1600,128,xdpgeneric,0.0.0.255,60,1,0,65,969.139,1.029.659,209.381,7.801,275.020,0,0,0,0,0,0,0,0
8,for_0_a_200,512,xdpdrv,0.0.0.255,60,1,0,65,1.294.831,1.023.645,208.709,7.996,273.194,0,0,0,0,0,0,0,0
4,for_0_a_1600,1024,xdpgeneric,0.0.0.255,60,1,0,64,993.520,1.012.615,206.324,7.981,270.168,21.288,0,0,0,0,0,0,0
2,for_0_a_6400,64,xdpgeneric,0.0.0.255,60,1,0,62,960.997,1.016.650,206.662,7.409,271.242,17.448,0,0,0,0,0,0,0
1,for_0_a_0,256,xdpgeneric,0.0.0.255,60,1,0,62,976.249,1.001.229,204.136,8.097,266.917,0,0,0,0,0,0,0,0
2,for_0_a_1,1024,xdpdrv,0.0.0.255,60,1,0,62,950.387,1.002.036,204.092,8.150,267.145,0,0,0,0,0,0,0,0
2,for_0_a_100,128,xdpgeneric,0.0.0.255,60,1,0,64,959.057,1.018.830,207.169,7.719,271.632,0,0,0,0,0,0,0,0
1,for_0_a_100,1024,xdpgeneric,0.0.0.255,60,1,0,63,935.947,1.003.833,204.340,7.615,267.726,0,0,0,0,0,0,0,0
8,for_0_a_12800,1024,xdpdrv,0.0.0.255,60,1,0,65,1.561.942,1.032.634,210.223,8.091,276.271,0,0,0,0,0,0,0,0
2,for_0_a_6400,256,xdpdrv,0.0.0.255,60,1,0,64,945.387,1.014.922,206.532,7.794,270.847,26.790,0,0,0,0,0,0,0
4,for_0_a_800,128,xdpgeneric,0.0.0.255,60,1,0,64,990.045,1.015.182,206.569,7.674,270.662,0,0,0,0,0,0,0,0
8,for_0_a_3200,1024,xdpdrv,0.0.0.255,60,1,0,64,1.613.669,1.035.350,210.764,7.946,276.371,0,0,0,0,0,0,0,0
1,for_0_a_0,1500,xdpdrv,0.0.0.255,60,1,0,65,971.898,1.014.616,206.623,7.951,270.781,19.642,0,0,0,0,0,0,0
4,for_0_a_1,128,xdpdrv,0.0.0.255,60,1,0,63,1.300.171,1.008.433,205.640,7.782,268.878,0,0,0,0,0,0,0,0
1,for_0_a_12800,1500,xdpgeneric,0.0.0.255,60,1,0,63,921.390,1.015.157,206.631,7.289,271.016,24.948,0,0,0,0,0,0,0
4,for_0_a_12800,1024,xdpdrv,0.0.0.255,60,1,0,65,941.697,1.019.512,207.572,7.401,271.718,0,0,0,0,0,0,0,0
2,for_0_a_100,64,xdpdrv,0.0.0.255,60,1,0,65,994.765,1.029.563,209.513,8.117,275.037,0,0,0,0,0,0,0,0
1,for_0_a_3200,1500,xdpgeneric,0.0.0.255,60,1,0,62,920.921,1.002.399,204.190,7.414,267.653,17.464,0,0,0,0,0,0,0
8,for_0_a_1,512,xdpgeneric,0.0.0.255,60,1,0,64,1.524.852,1.026.583,208.218,7.740,273.262,0,0,0,0,0,0,0,0
1,for_0_a_200,256,xdpgeneric,0.0.0.255,60,1,0,63,950.212,997.829,202.922,7.692,266.231,0,0,0,0,0,0,0,0
1,for_0_a_6400,1500,xdpgeneric,0.0.0.255,60,1,0,64,954.834,1.017.668,207.175,7.988,271.472,0,0,0,0,0,0,0,0
2,for_0_a_12800,64,xdpdrv,0.0.0.255,60,1,0,64,956.546,1.012.011,206.385,7.865,270.032,18.205,0,0,0,0,0,0,0
4,for_0_a_400,64,xdpdrv,0.0.0.255,60,1,0,63,951.041,1.012.727,206.170,7.936,269.872,0,0,0,0,0,0,0,0
4,for_0_a_100,64,xdpgeneric,0.0.0.255,60,1,0,64,1.044.239,1.022.421,208.353,7.759,273.161,0,0,0,0,0,0,0,0
4,for_0_a_1600,64,xdpdrv,0.0.0.255,60,1,0,64,991.883,1.012.338,206.452,8.125,270.104,17.088,0,0,0,0,0,0,0
8,for_0_a_6400,1024,xdpdrv,0.0.0.255,60,1,0,65,1.552.863,1.043.976,212.094,7.728,279.046,0,0,0,0,0,0,0,0
4,for_0_a_400,1024,xdpgeneric,0.0.0.255,60,1,0,64,996.634,1.016.269,206.884,8.182,271.119,17.482,0,0,0,0,0,0,0
8,for_0_a_0,64,xdpgeneric,0.0.0.255,60,1,0,64,2.143.687,1.009.114,205.584,7.759,269.338,0,0,0,0,0,0,0,0
2,for_0_a_400,1024,xdpgeneric,0.0.0.255,60,1,0,63,991.659,1.024.792,207.868,7.760,272.419,0,0,0,0,0,0,0,0
1,for_0_a_400,128,xdpgeneric,0.0.0.255,60,1,0,64,966.155,1.012.838,206.573,8.033,270.204,0,0,0,0,0,0,0,0
1,for_0_a_1,512,xdpgeneric,0.0.0.255,60,1,0,63,975.687,1.009.372,205.372,7.594,268.984,0,0,0,0,0,0,0,0
8,for_0_a_1600,512,xdpdrv,0.0.0.255,60,1,0,64,1.602.453,1.046.356,212.782,7.998,279.786,0,0,0,0,0,0,0,0
1,for_0_a_800,64,xdpgeneric,0.0.0.255,60,1,0,64,982.153,1.023.496,208.239,7.928,273.046,0,0,0,0,0,0,0,0
8,for_0_a_12800,256,xdpgeneric,0.0.0.255,60,1,0,63,1.685.907,1.006.617,205.024,7.720,268.982,0,0,0,0,0,0,0,0
1,for_0_a_800,512,xdpdrv,0.0.0.255,60,1,0,64,968.047,1.014.546,206.578,7.808,270.646,15.237,0,0,0,0,0,0,0
8,for_0_a_200,256,xdpdrv,0.0.0.255,60,1,0,64,1.423.864,1.002.838,204.382,7.732,267.607,0,0,0,0,0,0,0,0
8,for_0_a_800,1500,xdpdrv,0.0.0.255,60,1,0,65,1.715.218,2.673.692,522.152,8.206,821.385,0,0,0,0,0,0,0,0
4,for_0_a_6400,128,xdpdrv,0.0.0.255,60,1,0,63,953.276,1.025.564,208.633,7.692,273.988,20.772,0,0,0,0,0,0,0
4,for_0_a_3200,512,xdpgeneric,0.0.0.255,60,1,0,65,1.099.176,1.006.067,205.028,7.848,268.339,0,0,0,0,0,0,0,0
8,for_0_a_800,1024,xdpdrv,0.0.0.255,60,1,0,63,1.445.434,1.007.845,204.734,7.999,268.929,0,0,0,0,0,0,0,0
8,for_0_a_200,64,xdpdrv,0.0.0.255,60,1,0,64,1.544.127,1.007.134,204.876,7.900,268.552,0,0,0,0,0,0,0,0
2,for_0_a_200,1024,xdpdrv,0.0.0.255,60,1,0,63,942.925,1.011.588,206.212,7.514,269.750,18.312,0,0,0,0,0,0,0
8,for_0_a_100,64,xdpgeneric,0.0.0.255,60,1,0,64,1.948.134,1.019.431,207.732,8.152,271.740,0,0,0,0,0,0,0,0
4,for_0_a_3200,512,xdpdrv,0.0.0.255,60,1,0,64,958.702,1.012.930,206.717,7.975,270.371,19.459,0,0,0,0,0,0,0
1,for_0_a_1600,128,xdpgeneric,0.0.0.255,60,1,0,65,948.251,1.027.443,209.076,7.264,274.386,17.559,0,0,0,0,0,0,0
4,for_0_a_800,512,xdpgeneric,0.0.0.255,60,1,0,63,983.005,999.567,203.838,8.023,266.662,0,0,0,0,0,0,0,0
8,for_0_a_12800,1024,xdpgeneric,0.0.0.255,60,1,0,63,1.676.912,1.019.758,207.662,7.939,272.463,0,0,0,0,0,0,0,0
8,for_0_a_6400,256,xdpgeneric,0.0.0.255,60,1,0,63,1.710.931,1.019.513,207.377,7.978,272.322,0,0,0,0,0,0,0,0
1,for_0_a_400,256,xdpgeneric,0.0.0.255,60,1,0,63,990.222,1.034.285,210.680,8.036,276.149,23.085,0,0,0,0,0,0,0
2,for_0_a_1600,256,xdpdrv,0.0.0.255,60,1,0,63,930.598,1.006.509,204.549,7.729,268.380,20.038,0,0,0,0,0,0,0
1,for_0_a_12800,512,xdpgeneric,0.0.0.255,60,1,0,65,964.108,1.020.520,208.262,7.800,272.212,0,0,0,0,0,0,0,0
2,for_0_a_6400,128,xdpgeneric,0.0.0.255,60,1,0,62,990.735,996.101,202.977,8.014,265.539,15.059,0,0,0,0,0,0,0
2,for_0_a_200,128,xdpdrv,0.0.0.255,60,1,0,64,935.016,1.015.769,206.750,7.690,270.973,18.430,0,0,0,0,0,0,0
8,for_0_a_6400,256,xdpdrv,0.0.0.255,60,1,0,64,1.575.159,1.031.200,209.371,7.856,275.829,0,0,0,0,0,0,0,0
8,for_0_a_1600,1024,xdpgeneric,0.0.0.255,60,1,0,64,1.820.013,1.003.752,204.582,8.084,267.916,0,0,0,0,0,0,0,0
2,for_0_a_3200,512,xdpdrv,0.0.0.255,60,1,0,63,944.300,1.014.704,206.127,7.690,270.542,18.026,0,0,0,0,0,0,0
4,for_0_a_12800,128,xdpgeneric,0.0.0.255,60,1,0,63,970.328,1.009.280,205.096,7.994,269.143,0,0,0,0,0,0,0,0
1,for_0_a_0,64,xdpdrv,0.0.0.255,60,1,0,63,944.410,1.015.344,206.801,8.005,270.844,18.541,0,0,0,0,0,0,0
4,for_0_a_0,64,xdpgeneric,0.0.0.255,60,1,0,63,1.262.738,1.011.171,205.040,7.769,268.733,0,0,0,0,0,0,0,0
2,for_0_a_3200,256,xdpgeneric,0.0.0.255,60,1,0,65,969.069,1.021.895,208.506,8.237,272.756,20.109,0,0,0,0,0,0,0
4,for_0_a_0,128,xdpdrv,0.0.0.255,60,1,0,63,1.299.733,1.014.283,206.349,7.787,270.413,0,0,0,0,0,0,0,0
2,for_0_a_1600,64,xdpdrv,0.0.0.255,60,1,0,64,941.713,1.018.188,206.240,7.361,270.678,0,0,0,0,0,0,0,0
8,for_0_a_200,128,xdpgeneric,0.0.0.255,60,1,0,63,1.911.646,1.008.195,204.469,7.970,268.017,0,0,0,0,0,0,0,0
2,for_0_a_6400,1024,xdpdrv,0.0.0.255,60,1,0,65,949.029,1.029.932,209.248,7.876,274.963,21.408,0,0,0,0,0,0,0
2,for_0_a_1,128,xdpgeneric,0.0.0.255,60,1,0,63,1.010.667,1.009.080,205.997,7.860,269.122,15.198,0,0,0,0,0,0,0
2,for_0_a_1600,1024,xdpgeneric,0.0.0.255,60,1,0,64,966.613,1.016.591,207.222,8.006,271.343,18.285,0,0,0,0,0,0,0
2,for_0_a_100,1024,xdpgeneric,0.0.0.255,60,1,0,63,985.637,1.003.203,204.157,7.648,267.571,0,0,0,0,0,0,0,0
4,for_0_a_1,1500,xdpgeneric,0.0.0.255,60,1,0,63,1.029.020,1.016.158,207.245,8.082,271.059,15.908,0,0,0,0,0,0,0
8,for_0_a_1600,64,xdpgeneric,0.0.0.255,60,1,0,65,1.771.998,1.037.642,210.554,8.217,277.476,0,0,0,0,0,0,0,0
1,for_0_a_1600,256,xdpgeneric,0.0.0.255,60,1,0,64,961.573,1.014.840,207.112,7.919,270.818,17.673,0,0,0,0,0,0,0
1,for_0_a_6400,1024,xdpgeneric,0.0.0.255,60,1,0,64,947.597,1.023.319,208.162,7.927,273.478,0,0,0,0,0,0,0,0
4,for_0_a_400,512,xdpdrv,0.0.0.255,60,1,0,62,961.744,1.010.534,205.714,8.081,269.529,18.040,0,0,0,0,0,0,0
1,for_0_a_0,128,xdpgeneric,0.0.0.255,60,1,0,65,1.000.949,1.019.667,208.219,7.936,272.215,15.129,0,0,0,0,0,0,0
1,for_0_a_3200,1500,xdpdrv,0.0.0.255,60,1,0,64,948.722,1.011.803,205.585,7.890,270.003,17.703,0,0,0,0,0,0,0
4,for_0_a_800,1500,xdpgeneric,0.0.0.255,60,1,0,64,1.029.594,1.019.544,207.539,8.248,272.039,15.947,0,0,0,0,0,0,0
1,for_0_a_3200,256,xdpgeneric,0.0.0.255,60,1,0,65,939.633,1.030.114,209.675,7.693,275.250,0,0,0,0,0,0,0,0
4,for_0_a_1,256,xdpgeneric,0.0.0.255,60,1,0,65,1.026.891,1.040.449,211.525,7.847,277.647,18.633,0,0,0,0,0,0,0
1,for_0_a_6400,64,xdpdrv,0.0.0.255,60,1,0,64,934.218,1.019.942,207.312,7.350,272.076,20.682,0,0,0,0,0,0,0
4,for_0_a_12800,256,xdpgeneric,0.0.0.255,60,1,0,64,976.709,1.022.389,208.038,7.788,272.919,0,0,0,0,0,0,0,0
4,for_0_a_0,256,xdpdrv,0.0.0.255,60,1,0,63,973.581,1.000.072,203.573,7.912,266.691,0,0,0,0,0,0,0,0
4,for_0_a_12800,512,xdpgeneric,0.0.0.255,60,1,0,63,971.680,1.034.808,209.595,7.415,275.434,0,0,0,0,0,0,0,0
4,for_0_a_1,1024,xdpdrv,0.0.0.255,60,1,0,65,962.446,1.031.105,209.469,7.955,275.222,19.223,0,0,0,0,0,0,0
4,for_0_a_800,256,xdpdrv,0.0.0.255,60,1,0,65,955.171,1.031.744,209.935,7.855,275.558,18.637,0,0,0,0,0,0,0
1,for_0_a_400,1024,xdpdrv,0.0.0.255,60,1,0,63,933.941,1.009.559,205.358,7.913,269.060,19.058,0,0,0,0,0,0,0
2,for_0_a_100,512,xdpgeneric,0.0.0.255,60,1,0,66,1.004.136,1.042.195,211.780,8.042,278.446,0,0,0,0,0,0,0,0
2,for_0_a_400,1024,xdpdrv,0.0.0.255,60,1,0,63,941.160,1.002.210,204.021,7.917,267.219,0,0,0,0,0,0,0,0
8,for_0_a_1,128,xdpgeneric,0.0.0.255,60,1,0,64,2.135.967,1.025.712,207.632,8.204,272.408,0,0,0,0,0,0,0,0
1,for_0_a_800,512,xdpgeneric,0.0.0.255,60,1,0,62,950.909,1.002.644,204.638,7.570,267.208,18.398,0,0,0,0,0,0,0
4,for_0_a_3200,256,xdpgeneric,0.0.0.255,60,1,0,65,991.874,1.028.807,209.330,7.902,274.713,0,0,0,0,0,0,0,0
4,for_0_a_1,64,xdpgeneric,0.0.0.255,60,1,0,64,1.050.077,1.021.660,207.682,7.897,272.407,15.389,0,0,0,0,0,0,0
4,for_0_a_800,128,xdpdrv,0.0.0.255,60,1,0,64,931.532,1.012.065,205.800,7.712,270.201,20.188,0,0,0,0,0,0,0
4,for_0_a_1600,512,xdpgeneric,0.0.0.255,60,1,0,64,1.033.743,1.035.684,210.943,8.034,276.559,15.914,0,0,0,0,0,0,0
1,for_0_a_3200,1024,xdpgeneric,0.0.0.255,60,1,0,62,929.484,998.876,203.163,7.986,266.170,19.151,0,0,0,0,0,0,0
1,for_0_a_200,64,xdpgeneric,0.0.0.255,60,1,0,62,949.358,1.012.721,205.297,7.270,270.088,0,0,0,0,0,0,0,0
2,for_0_a_400,128,xdpgeneric,0.0.0.255,60,1,0,63,975.374,1.009.511,205.973,7.862,269.261,0,0,0,0,0,0,0,0
1,for_0_a_200,512,xdpdrv,0.0.0.255,60,1,0,65,980.815,1.043.819,212.019,8.160,278.861,0,0,0,0,0,0,0,0
2,for_0_a_800,256,xdpgeneric,0.0.0.255,60,1,0,63,982.026,1.033.411,210.392,7.991,275.803,0,0,0,0,0,0,0,0
2,for_0_a_6400,256,xdpgeneric,0.0.0.255,60,1,0,65,974.337,1.015.317,206.561,7.802,270.894,19.771,0,0,0,0,0,0,0
2,for_0_a_12800,128,xdpdrv,0.0.0.255,60,1,0,64,939.983,1.026.937,208.832,7.716,274.269,28.190,0,0,0,0,0,0,0
1,for_0_a_1,1500,xdpgeneric,0.0.0.255,60,1,0,64,997.514,1.023.402,208.563,8.128,272.904,0,0,0,0,0,0,0,0
2,for_0_a_0,512,xdpgeneric,0.0.0.255,60,1,0,62,994.252,1.015.312,206.368,7.749,270.628,0,0,0,0,0,0,0,0
1,for_0_a_6400,128,xdpgeneric,0.0.0.255,60,1,0,62,948.977,1.000.342,203.470,7.886,266.827,0,0,0,0,0,0,0,0
4,for_0_a_100,256,xdpdrv,0.0.0.255,60,1,0,63,949.070,1.012.667,205.617,7.568,270.316,20.242,0,0,0,0,0,0,0
1,for_0_a_100,64,xdpgeneric,0.0.0.255,60,1,0,65,995.268,1.041.705,211.600,7.870,278.058,0,0,0,0,0,0,0,0
4,for_0_a_200,64,xdpgeneric,0.0.0.255,60,1,0,65,1.021.480,1.030.151,209.210,7.989,274.590,0,0,0,0,0,0,0,0
1,for_0_a_400,1024,xdpgeneric,0.0.0.255,60,1,0,66,951.978,1.017.048,206.829,7.953,271.283,0,0,0,0,0,0,0,0
1,for_0_a_3200,64,xdpdrv,0.0.0.255,60,1,0,64,947.173,1.009.991,206.031,8.018,269.679,19.221,0,0,0,0,0,0,0
8,for_0_a_400,128,xdpgeneric,0.0.0.255,60,1,0,65,1.836.122,1.015.084,206.543,7.855,270.825,0,0,0,0,0,0,0,0
2,for_0_a_1,1500,xdpdrv,0.0.0.255,60,1,0,64,950.516,1.026.948,209.117,7.411,274.436,20.409,0,0,0,0,0,0,0
1,for_0_a_1600,128,xdpdrv,0.0.0.255,60,1,0,65,979.253,1.031.019,208.601,7.495,274.486,17.774,0,0,0,0,0,0,0
4,for_0_a_1600,1024,xdpdrv,0.0.0.255,60,1,0,62,931.884,994.557,202.355,7.753,265.327,0,0,0,0,0,0,0,0
1,for_0_a_400,1500,xdpgeneric,0.0.0.255,60,1,0,62,940.831,1.003.525,204.622,7.948,267.599,0,0,0,0,0,0,0,0
1,for_0_a_6400,256,xdpdrv,0.0.0.255,60,1,0,63,941.698,1.018.121,207.065,7.541,271.412,20.071,0,0,0,0,0,0,0
8,for_0_a_400,1024,xdpdrv,0.0.0.255,60,1,0,62,1.306.142,1.013.967,205.878,8.172,270.330,0,0,0,0,0,0,0,0
2,for_0_a_800,1500,xdpgeneric,0.0.0.255,60,1,0,62,955.923,1.006.042,204.897,7.406,267.946,0,0,0,0,0,0,0,0
1,for_0_a_200,512,xdpgeneric,0.0.0.255,60,1,0,65,982.808,1.045.501,212.174,7.707,279.179,0,0,0,0,0,0,0,0
2,for_0_a_1600,512,xdpgeneric,0.0.0.255,60,1,0,63,1.002.842,1.010.338,206.084,8.005,269.453,16.025,0,0,0,0,0,0,0
2,for_0_a_6400,128,xdpdrv,0.0.0.255,60,1,0,64,956.146,1.032.473,210.234,7.942,275.474,21.820,0,0,0,0,0,0,0
8,for_0_a_3200,64,xdpgeneric,0.0.0.255,60,1,0,64,1.709.187,1.023.405,208.612,7.963,273.257,0,0,0,0,0,0,0,0
8,for_0_a_6400,1500,xdpgeneric,0.0.0.255,60,1,0,62,1.654.454,999.028,203.509,7.770,266.808,0,0,0,0,0,0,0,0
2,for_0_a_3200,1500,xdpgeneric,0.0.0.255,60,1,0,65,980.277,1.044.994,212.226,7.588,278.521,0,0,0,0,0,0,0,0
1,for_0_a_200,1024,xdpdrv,0.0.0.255,60,1,0,63,957.504,1.017.769,206.687,7.792,270.496,22.397,0,0,0,0,0,0,0
1,for_0_a_200,1500,xdpdrv,0.0.0.255,60,1,0,64,964.373,1.031.355,209.793,7.955,275.415,19.104,0,0,0,0,0,0,0
4,for_0_a_200,128,xdpgeneric,0.0.0.255,60,1,0,62,1.009.137,1.006.076,205.076,7.791,268.086,15.212,0,0,0,0,0,0,0
1,for_0_a_800,1024,xdpdrv,0.0.0.255,60,1,0,64,946.014,1.023.482,208.344,7.855,273.428,19.856,0,0,0,0,0,0,0
4,for_0_a_6400,1500,xdpdrv,0.0.0.255,60,1,0,64,947.354,1.030.782,209.723,7.382,275.369,18.421,0,0,0,0,0,0,0
1,for_0_a_100,1500,xdpgeneric,0.0.0.255,60,1,0,63,957.861,1.005.276,204.334,7.936,268.225,17.766,0,0,0,0,0,0,0
4,for_0_a_0,512,xdpgeneric,0.0.0.255,60,1,0,64,1.033.455,1.019.755,207.570,7.820,272.037,15.343,0,0,0,0,0,0,0
8,for_0_a_3200,1500,xdpdrv,0.0.0.255,60,1,0,64,1.566.563,1.009.498,205.716,7.729,269.484,0,0,0,0,0,0,0,0
8,for_0_a_100,512,xdpdrv,0.0.0.255,60,1,0,64,1.199.550,1.018.892,207.774,7.819,271.618,0,0,0,0,0,0,0,0
1,for_0_a_200,1024,xdpgeneric,0.0.0.255,60,1,0,63,957.638,1.004.337,204.106,8.006,267.717,0,0,0,0,0,0,0,0
4,for_0_a_1,64,xdpdrv,0.0.0.255,60,1,0,63,2.323.185,2.769.348,514.394,8.653,828.130,29.727,0,0,0,0,0,0,0
1,for_0_a_400,64,xdpdrv,0.0.0.255,60,1,0,63,971.587,1.042.619,211.834,7.975,278.389,0,0,0,0,0,0,0,0
8,for_0_a_6400,512,xdpdrv,0.0.0.255,60,1,0,64,1.596.560,1.023.595,208.289,8.086,273.635,0,0,0,0,0,0,0,0
2,for_0_a_100,512,xdpdrv,0.0.0.255,60,1,0,64,953.435,1.002.904,204.398,8.015,267.767,18.073,0,0,0,0,0,0,0
4,for_0_a_0,1024,xdpgeneric,0.0.0.255,60,1,0,63,971.046,1.008.788,205.289,7.633,269.085,0,0,0,0,0,0,0,0
2,for_0_a_0,512,xdpdrv,0.0.0.255,60,1,0,63,938.536,1.008.308,205.091,7.317,269.165,20.992,0,0,0,0,0,0,0
1,for_0_a_0,256,xdpdrv,0.0.0.255,60,1,0,64,958.859,1.011.502,205.348,7.780,269.892,0,0,0,0,0,0,0,0
4,for_0_a_1,1024,xdpgeneric,0.0.0.255,60,1,0,63,2.536.131,2.206.302,410.853,9.066,635.238,0,0,0,0,0,0,0,0
4,for_0_a_3200,1500,xdpgeneric,0.0.0.255,60,1,0,64,1.002.345,1.017.314,207.394,8.115,271.284,15.990,0,0,0,0,0,0,0
4,for_0_a_400,64,xdpgeneric,0.0.0.255,60,1,0,63,992.442,1.001.565,203.863,7.930,267.322,0,0,0,0,0,0,0,0
2,for_0_a_1,512,xdpgeneric,0.0.0.255,60,1,0,63,1.031.043,1.025.155,207.759,7.833,272.445,16.481,0,0,0,0,0,0,0
4,for_0_a_3200,1500,xdpdrv,0.0.0.255,60,1,0,64,944.567,1.016.798,207.010,7.396,271.541,0,0,0,0,0,0,0,0
8,for_0_a_0,512,xdpgeneric,0.0.0.255,60,1,0,66,2.367.882,2.022.274,379.229,9.090,576.797,77.730,0,0,0,0,0,0,0
8,for_0_a_1600,1024,xdpdrv,0.0.0.255,60,1,0,64,1.582.872,1.030.358,209.396,7.890,275.081,0,0,0,0,0,0,0,0
8,for_0_a_200,512,xdpgeneric,0.0.0.255,60,1,0,65,1.743.327,1.011.540,206.238,8.091,269.991,0,0,0,0,0,0,0,0
8,for_0_a_1600,128,xdpgeneric,0.0.0.255,60,1,0,62,1.763.803,1.018.520,206.856,7.979,271.723,0,0,0,0,0,0,0,0
2,for_0_a_100,1500,xdpgeneric,0.0.0.255,60,1,0,65,1.024.351,1.040.659,211.118,7.403,277.979,15.434,0,0,0,0,0,0,0
1,for_0_a_1600,256,xdpdrv,0.0.0.255,60,1,0,63,951.816,1.013.314,206.612,8.014,270.389,20.086,0,0,0,0,0,0,0
8,for_0_a_100,256,xdpgeneric,0.0.0.255,60,1,0,63,2.038.569,1.001.215,203.902,7.841,267.050,0,0,0,0,0,0,0,0
4,for_0_a_12800,256,xdpdrv,0.0.0.255,60,1,0,64,1.133.744,1.016.116,206.820,7.830,271.013,0,0,0,0,0,0,0,0
1,for_0_a_1600,512,xdpdrv,0.0.0.255,60,1,0,63,936.378,1.007.612,205.133,7.708,268.560,18.316,0,0,0,0,0,0,0
4,for_0_a_6400,64,xdpdrv,0.0.0.255,60,1,0,63,937.900,1.016.484,206.729,7.457,271.310,17.783,0,0,0,0,0,0,0
4,for_0_a_100,1024,xdpdrv,0.0.0.255,60,1,0,64,1.391.242,1.859.408,365.450,8.571,548.330,34.224,0,0,0,0,0,0,0
4,for_0_a_400,256,xdpdrv,0.0.0.255,60,1,0,63,936.798,1.011.724,206.079,7.588,270.133,19.027,0,0,0,0,0,0,0
4,for_0_a_0,256,xdpgeneric,0.0.0.255,60,1,0,62,1.015.604,1.003.370,204.404,7.746,267.531,15.298,0,0,0,0,0,0,0
4,for_0_a_12800,64,xdpdrv,0.0.0.255,60,1,0,64,970.958,1.033.974,209.768,8.006,275.801,0,0,0,0,0,0,0,0
4,for_0_a_200,1024,xdpdrv,0.0.0.255,60,1,0,64,970.530,1.030.112,209.522,7.614,275.200,10.503,0,0,0,0,0,0,0
8,for_0_a_1,1500,xdpdrv,0.0.0.255,60,1,0,63,1.061.413,1.016.867,206.545,8.269,271.230,0,0,0,0,0,0,0,0
8,for_0_a_1,128,xdpdrv,0.0.0.255,60,1,0,65,1.364.676,1.543.343,300.035,8.307,439.391,0,0,0,0,0,0,0,0
1,for_0_a_400,1500,xdpdrv,0.0.0.255,60,1,0,65,970.024,1.038.121,210.542,8.000,276.753,18.075,0,0,0,0,0,0,0
4,for_0_a_1600,1500,xdpdrv,0.0.0.255,60,1,0,63,962.396,1.016.648,206.612,8.016,270.893,20.328,0,0,0,0,0,0,0
8,for_0_a_1,64,xdpgeneric,0.0.0.255,60,1,0,63,2.088.976,1.010.773,205.978,7.985,269.498,0,0,0,0,0,0,0,0
2,for_0_a_400,64,xdpdrv,0.0.0.255,60,1,0,64,966.110,1.015.229,206.805,7.950,270.922,19.658,0,0,0,0,0,0,0
8,for_0_a_3200,1500,xdpgeneric,0.0.0.255,60,1,0,63,1.708.995,1.006.131,204.774,8.087,269.023,0,0,0,0,0,0,0,0
4,for_0_a_400,1500,xdpdrv,0.0.0.255,60,1,0,63,941.400,1.008.166,205.406,7.764,269.189,18.733,0,0,0,0,0,0,0
4,for_0_a_3200,128,xdpdrv,0.0.0.255,60,1,0,64,1.128.758,1.017.905,207.686,8.107,271.439,0,0,0,0,0,0,0,0
8,for_0_a_0,256,xdpgeneric,0.0.0.255,60,1,0,64,2.224.359,1.028.594,208.714,7.670,274.287,0,0,0,0,0,0,0,0
1,for_0_a_12800,256,xdpgeneric,0.0.0.255,60,1,0,63,981.358,1.019.437,207.589,7.991,271.776,0,0,0,0,0,0,0,0
2,for_0_a_200,128,xdpgeneric,0.0.0.255,60,1,0,64,993.618,1.046.105,212.080,7.813,278.444,0,0,0,0,0,0,0,0
4,for_0_a_1600,128,xdpdrv,0.0.0.255,60,1,0,64,944.133,1.004.266,204.361,7.877,267.962,17.944,0,0,0,0,0,0,0
2,for_0_a_3200,64,xdpdrv,0.0.0.255,60,1,0,65,953.315,1.026.586,209.071,7.737,273.806,24.984,0,0,0,0,0,0,0
4,for_0_a_6400,1024,xdpgeneric,0.0.0.255,60,1,0,63,979.398,1.016.038,206.499,7.718,271.609,0,0,0,0,0,0,0,0
1,for_0_a_3200,1024,xdpdrv,0.0.0.255,60,1,0,63,920.558,1.012.479,206.437,7.592,270.251,18.709,0,0,0,0,0,0,0
1,for_0_a_1600,64,xdpdrv,0.0.0.255,60,1,0,64,955.291,1.028.514,208.615,8.050,274.449,0,0,0,0,0,0,0,0
8,for_0_a_6400,128,xdpdrv,0.0.0.255,60,1,0,64,1.609.339,1.041.607,211.788,8.199,278.453,0,0,0,0,0,0,0,0
4,for_0_a_3200,64,xdpgeneric,0.0.0.255,60,1,0,62,976.539,995.691,202.586,8.057,265.458,17.799,0,0,0,0,0,0,0
8,for_0_a_200,256,xdpgeneric,0.0.0.255,60,1,0,65,1.989.977,1.048.037,212.990,8.084,279.864,0,0,0,0,0,0,0,0
4,for_0_a_100,64,xdpdrv,0.0.0.255,60,1,0,63,970.396,1.029.979,209.924,7.897,274.996,18.858,0,0,0,0,0,0,0
2,for_0_a_0,1024,xdpdrv,0.0.0.255,60,1,0,65,948.360,1.052.566,212.954,7.509,280.217,20.994,0,0,0,0,0,0,0
1,for_0_a_1,128,xdpdrv,0.0.0.255,60,1,0,62,936.601,1.001.812,204.300,7.688,267.207,21.521,0,0,0,0,0,0,0
8,for_0_a_12800,128,xdpgeneric,0.0.0.255,60,1,0,64,1.668.822,1.019.206,207.602,7.859,272.407,0,0,0,0,0,0,0,0
4,for_0_a_3200,1024,xdpdrv,0.0.0.255,60,1,0,63,943.640,1.013.939,206.615,7.663,270.484,19.125,0,0,0,0,0,0,0
1,for_0_a_12800,64,xdpdrv,0.0.0.255,60,1,0,63,939.935,1.009.380,205.556,7.817,269.368,0,0,0,0,0,0,0,0
8,for_0_a_100,512,xdpgeneric,0.0.0.255,60,1,0,62,1.649.228,1.004.283,204.802,7.779,267.525,0,0,0,0,0,0,0,0
8,for_0_a_100,128,xdpdrv,0.0.0.255,60,1,0,63,2.241.171,3.719.527,714.246,9.312,1.160.020,22.477,0,0,0,0,0,0,0
4,for_0_a_0,128,xdpgeneric,0.0.0.255,60,1,0,63,1.053.980,1.006.014,203.904,7.932,267.564,15.912,0,0,0,0,0,0,0
1,for_0_a_1,512,xdpdrv,0.0.0.255,60,1,0,62,942.995,991.900,202.206,8.068,264.724,19.445,0,0,0,0,0,0,0
4,for_0_a_6400,1024,xdpdrv,0.0.0.255,60,1,0,63,950.856,1.005.984,204.928,7.955,268.356,19.781,0,0,0,0,0,0,0
4,for_0_a_100,128,xdpdrv,0.0.0.255,60,1,0,62,1.567.796,999.180,203.354,7.812,266.592,0,0,0,0,0,0,0,0
1,for_0_a_0,1500,xdpgeneric,0.0.0.255,60,1,0,65,1.001.568,1.034.458,210.278,7.941,276.350,0,0,0,0,0,0,0,0
8,for_0_a_0,1024,xdpgeneric,0.0.0.255,60,1,0,64,1.668.386,1.558.212,299.941,8.387,436.307,0,0,0,0,0,0,0,0
8,for_0_a_3200,256,xdpdrv,0.0.0.255,60,1,0,64,1.537.556,1.021.077,207.747,7.693,272.810,0,0,0,0,0,0,0,0
2,for_0_a_400,1500,xdpgeneric,0.0.0.255,60,1,0,63,967.819,1.010.164,206.156,8.018,269.651,19.721,0,0,0,0,0,0,0
1,for_0_a_200,256,xdpdrv,0.0.0.255,60,1,0,63,958.773,1.005.295,204.922,7.954,268.103,0,0,0,0,0,0,0,0
8,for_0_a_100,1024,xdpgeneric,0.0.0.255,60,1,0,64,1.913.748,1.972.458,378.185,9.052,575.260,50.019,0,0,0,0,0,0,0
2,for_0_a_6400,1500,xdpdrv,0.0.0.255,60,1,0,64,942.002,1.006.618,204.532,7.836,268.339,0,0,0,0,0,0,0,0
2,for_0_a_0,64,xdpdrv,0.0.0.255,60,1,0,65,1.018.125,1.036.019,211.167,8.164,276.754,17.401,0,0,0,0,0,0,0
4,for_0_a_200,128,xdpdrv,0.0.0.255,60,1,0,63,942.594,1.011.155,206.189,7.594,269.585,19.644,0,0,0,0,0,0,0
2,for_0_a_1,1500,xdpgeneric,0.0.0.255,60,1,0,64,998.294,1.027.057,209.031,7.379,273.904,0,0,0,0,0,0,0,0
1,for_0_a_800,256,xdpgeneric,0.0.0.255,60,1,0,63,957.133,1.005.354,204.992,8.002,267.880,0,0,0,0,0,0,0,0
4,for_0_a_6400,512,xdpgeneric,0.0.0.255,60,1,0,62,971.591,1.007.225,205.155,8.103,268.538,16.978,0,0,0,0,0,0,0
8,for_0_a_3200,512,xdpgeneric,0.0.0.255,60,1,0,62,1.673.499,1.001.754,203.994,7.565,267.030,0,0,0,0,0,0,0,0
1,for_0_a_100,1500,xdpdrv,0.0.0.255,60,1,0,64,973.004,1.037.759,211.115,8.208,277.090,0,0,0,0,0,0,0,0
2,for_0_a_0,256,xdpdrv,0.0.0.255,60,1,0,64,979.662,1.031.049,209.794,8.184,275.052,20.456,0,0,0,0,0,0,0
1,for_0_a_3200,512,xdpdrv,0.0.0.255,60,1,0,65,955.580,1.028.483,209.184,7.546,274.527,0,0,0,0,0,0,0,0
2,for_0_a_6400,512,xdpgeneric,0.0.0.255,60,1,0,64,968.708,1.019.695,208.031,7.738,272.099,16.968,0,0,0,0,0,0,0
8,for_0_a_6400,1500,xdpdrv,0.0.0.255,60,1,0,64,1.575.388,1.030.465,209.397,8.032,275.645,0,0,0,0,0,0,0,0
4,for_0_a_1600,128,xdpgeneric,0.0.0.255,60,1,0,63,1.011.957,1.011.611,205.652,7.699,269.799,18.000,0,0,0,0,0,0,0
8,for_0_a_400,512,xdpdrv,0.0.0.255,60,1,0,64,1.472.305,1.004.449,204.289,8.010,267.802,0,0,0,0,0,0,0,0
1,for_0_a_800,64,xdpdrv,0.0.0.255,60,1,0,64,967.713,1.018.454,207.240,8.230,271.855,19.954,0,0,0,0,0,0,0
8,for_0_a_0,1500,xdpgeneric,0.0.0.255,60,1,0,64,1.199.436,1.016.993,207.243,7.704,271.269,0,0,0,0,0,0,0,0
2,for_0_a_400,256,xdpgeneric,0.0.0.255,60,1,0,63,971.685,1.011.149,205.733,7.826,269.704,0,0,0,0,0,0,0,0
1,for_0_a_12800,128,xdpgeneric,0.0.0.255,60,1,0,64,953.954,1.008.822,205.306,8.032,269.084,0,0,0,0,0,0,0,0
2,for_0_a_100,256,xdpgeneric,0.0.0.255,60,1,0,65,1.020.791,1.031.876,210.118,7.244,275.786,15.452,0,0,0,0,0,0,0
2,for_0_a_200,1500,xdpgeneric,0.0.0.255,60,1,1,62,1.140.355,1.000.329,203.574,7.858,266.504,0,0,0,0,0,0,0,0
1,for_0_a_12800,256,xdpdrv,0.0.0.255,60,1,0,65,960.523,1.030.104,209.204,8.039,274.681,0,0,0,0,0,0,0,0
4,for_0_a_1600,64,xdpgeneric,0.0.0.255,60,1,0,66,989.111,1.037.873,211.181,7.639,277.199,0,0,0,0,0,0,0,0
4,for_0_a_800,512,xdpdrv,0.0.0.255,60,1,0,63,946.142,1.010.111,206.147,7.795,269.321,19.517,0,0,0,0,0,0,0
1,for_0_a_1600,1024,xdpgeneric,0.0.0.255,60,1,0,63,950.598,1.003.698,204.264,7.796,267.694,20.368,0,0,0,0,0,0,0
8,for_0_a_200,128,xdpdrv,0.0.0.255,60,1,0,64,1.549.163,1.024.311,208.629,7.805,273.274,0,0,0,0,0,0,0,0
1,for_0_a_400,512,xdpdrv,0.0.0.255,60,1,0,64,963.212,1.032.260,210.480,7.670,275.553,20.857,0,0,0,0,0,0,0
4,for_0_a_400,512,xdpgeneric,0.0.0.255,60,1,0,64,1.060.298,1.015.594,207.014,8.101,271.155,20.453,0,0,0,0,0,0,0
4,for_0_a_400,128,xdpgeneric,0.0.0.255,60,1,0,65,1.036.690,1.014.245,206.296,8.021,271.133,16.787,0,0,0,0,0,0,0
1,for_0_a_12800,512,xdpdrv,0.0.0.255,60,1,0,62,928.209,1.005.333,204.726,7.608,268.133,20.090,0,0,0,0,0,0,0
2,for_0_a_1600,128,xdpdrv,0.0.0.255,60,1,0,64,939.080,1.013.210,206.417,7.676,270.258,18.971,0,0,0,0,0,0,0
8,for_0_a_12800,64,xdpgeneric,0.0.0.255,60,1,0,64,1.726.083,1.029.493,208.832,7.870,275.043,0,0,0,0,0,0,0,0
2,for_0_a_0,64,xdpgeneric,0.0.0.255,60,1,0,62,1.070.502,999.084,203.196,7.726,266.460,0,0,0,0,0,0,0,0
4,for_0_a_3200,1024,xdpgeneric,0.0.0.255,60,1,0,62,974.982,995.989,203.062,8.073,265.566,0,0,0,0,0,0,0,0
1,for_0_a_3200,64,xdpgeneric,0.0.0.255,60,1,0,63,960.145,1.013.251,206.249,7.629,270.234,0,0,0,0,0,0,0,0
4,for_0_a_6400,512,xdpdrv,0.0.0.255,60,1,0,64,964.147,1.032.936,209.904,8.000,276.736,0,0,0,0,0,0,0,0
1,for_0_a_0,1024,xdpgeneric,0.0.0.255,60,1,0,63,953.346,1.012.384,206.292,7.718,269.952,0,0,0,0,0,0,0,0
1,for_0_a_1,1024,xdpdrv,0.0.0.255,60,1,0,63,937.410,1.013.312,206.421,7.803,270.247,19.271,0,0,0,0,0,0,0
8,for_0_a_100,128,xdpgeneric,0.0.0.255,60,1,0,63,1.989.609,1.021.914,207.049,7.989,271.512,0,0,0,0,0,0,0,0
1,for_0_a_800,256,xdpdrv,0.0.0.255,60,1,0,64,951.024,1.014.426,206.797,7.984,270.601,18.690,0,0,0,0,0,0,0
8,for_0_a_100,64,xdpdrv,0.0.0.255,60,1,0,62,1.545.724,1.006.430,205.041,7.675,268.358,0,0,0,0,0,0,0,0
1,for_0_a_12800,1024,xdpgeneric,0.0.0.255,60,1,0,62,931.202,999.257,203.471,7.704,266.705,17.373,0,0,0,0,0,0,0
8,for_0_a_3200,256,xdpgeneric,0.0.0.255,60,1,0,63,1.683.159,1.009.632,205.588,7.799,268.911,0,0,0,0,0,0,0,0
2,for_0_a_1,1024,xdpgeneric,0.0.0.255,60,1,0,65,1.016.323,1.048.797,212.476,7.828,279.133,0,0,0,0,0,0,0,0
8,for_0_a_3200,128,xdpdrv,0.0.0.255,60,1,0,65,1.576.021,1.029.321,209.439,7.927,274.926,0,0,0,0,0,0,0,0
1,for_0_a_6400,1500,xdpdrv,0.0.0.255,60,1,0,65,970.411,1.048.660,213.192,7.955,280.154,20.332,0,0,0,0,0,0,0
8,for_0_a_800,512,xdpdrv,0.0.0.255,60,1,0,63,4.082.475,9.206.227,1.763.178,8.801,2.996.223,16.987,0,0,0,0,0,0,0
8,for_0_a_800,256,xdpgeneric,0.0.0.255,60,1,0,63,1.826.465,1.016.342,206.786,7.621,270.925,0,0,0,0,0,0,0,0
2,for_0_a_12800,512,xdpdrv,0.0.0.255,60,1,0,64,957.384,1.025.443,208.312,7.827,273.419,23.770,0,0,0,0,0,0,0
2,for_0_a_3200,512,xdpgeneric,0.0.0.255,60,1,0,65,987.527,1.028.477,209.383,7.869,274.588,0,0,0,0,0,0,0,0
1,for_0_a_12800,1024,xdpdrv,0.0.0.255,60,1,0,63,942.575,995.442,202.677,7.965,265.528,0,0,0,0,0,0,0,0
2,for_0_a_200,64,xdpdrv,0.0.0.255,60,1,0,64,975.528,1.036.309,211.272,7.568,276.875,22.562,0,0,0,0,0,0,0
1,for_0_a_3200,512,xdpgeneric,0.0.0.255,60,1,0,64,964.490,1.005.532,204.769,8.026,268.262,17.651,0,0,0,0,0,0,0
8,for_0_a_0,128,xdpdrv,0.0.0.255,60,1,0,64,1.333.112,1.524.991,296.744,8.160,427.049,0,0,0,0,0,0,0,0
4,for_0_a_6400,128,xdpgeneric,0.0.0.255,60,1,0,65,998.896,1.030.614,209.735,7.718,274.959,0,0,0,0,0,0,0,0
2,for_0_a_3200,1500,xdpdrv,0.0.0.255,60,1,0,63,931.923,1.006.040,205.115,7.775,268.132,17.868,0,0,0,0,0,0,0
8,for_0_a_12800,128,xdpdrv,0.0.0.255,60,1,0,64,1.555.002,1.008.344,205.011,7.843,269.073,0,0,0,0,0,0,0,0
4,for_0_a_6400,256,xdpgeneric,0.0.0.255,60,1,0,63,969.671,1.011.407,206.038,7.724,269.583,0,0,0,0,0,0,0,0
2,for_0_a_1,64,xdpgeneric,0.0.0.255,60,1,0,64,1.022.643,1.027.018,209.073,7.732,274.296,15.248,0,0,0,0,0,0,0
2,for_0_a_12800,256,xdpgeneric,0.0.0.255,60,1,0,63,955.472,1.012.101,206.078,7.751,269.803,0,0,0,0,0,0,0,0
8,for_0_a_800,1024,xdpgeneric,0.0.0.255,60,1,0,64,1.694.867,1.037.409,210.386,7.566,277.028,0,0,0,0,0,0,0,0
1,for_0_a_6400,512,xdpgeneric,0.0.0.255,60,1,0,66,957.815,1.013.635,206.539,7.351,270.501,20.279,0,0,0,0,0,0,0
2,for_0_a_1,128,xdpdrv,0.0.0.255,60,1,0,64,948.822,1.016.478,207.234,7.983,271.415,20.159,0,0,0,0,0,0,0
4,for_0_a_200,1500,xdpgeneric,0.0.0.255,60,1,0,63,955.667,1.008.751,205.546,7.628,268.950,0,0,0,0,0,0,0,0
8,for_0_a_1600,512,xdpgeneric,0.0.0.255,60,1,0,62,1.745.331,1.004.934,204.926,7.986,268.146,0,0,0,0,0,0,0,0
1,for_0_a_1600,1500,xdpgeneric,0.0.0.255,60,1,0,64,959.101,1.000.036,203.936,7.500,266.944,9.785,0,0,0,0,0,0,0
8,for_0_a_400,256,xdpdrv,0.0.0.255,60,1,0,63,1.581.700,1.006.127,204.564,7.741,268.065,0,0,0,0,0,0,0,0
8,for_0_a_200,1024,xdpgeneric,0.0.0.255,60,1,0,64,1.432.565,1.021.668,208.329,8.097,272.754,0,0,0,0,0,0,0,0
1,for_0_a_100,1024,xdpdrv,0.0.0.255,60,1,0,62,930.066,1.001.127,203.572,7.579,267.010,19.552,0,0,0,0,0,0,0
4,for_0_a_100,128,xdpgeneric,0.0.0.255,60,1,0,64,1.033.059,1.019.986,207.811,7.863,272.078,15.862,0,0,0,0,0,0,0
1,for_0_a_1,1024,xdpgeneric,0.0.0.255,60,1,0,63,926.980,1.010.306,205.534,7.635,269.621,0,0,0,0,0,0,0,0
4,for_0_a_12800,1500,xdpgeneric,0.0.0.255,60,1,0,63,955.645,1.001.693,203.862,7.463,267.089,17.889,0,0,0,0,0,0,0
4,for_0_a_0,1024,xdpdrv,0.0.0.255,60,1,0,64,1.108.733,1.024.867,208.805,7.981,273.900,25.397,0,0,0,0,0,0,0
2,for_0_a_200,512,xdpdrv,0.0.0.255,60,1,0,64,962.467,1.019.558,207.712,7.737,272.064,12.230,0,0,0,0,0,0,0
8,for_0_a_400,512,xdpgeneric,0.0.0.255,60,1,0,64,1.862.863,1.018.365,207.791,8.083,271.745,0,0,0,0,0,0,0,0
1,for_0_a_6400,1024,xdpdrv,0.0.0.255,60,1,0,62,922.230,994.883,202.381,7.895,265.350,19.218,0,0,0,0,0,0,0
2,for_0_a_100,256,xdpdrv,0.0.0.255,60,1,0,64,993.689,1.035.467,210.989,7.525,276.336,0,0,0,0,0,0,0,0
1,for_0_a_0,128,xdpdrv,0.0.0.255,60,1,0,65,962.047,1.029.729,209.186,8.005,274.852,26.372,0,0,0,0,0,0,0
8,for_0_a_400,1500,xdpgeneric,0.0.0.255,60,1,0,65,1.995.421,2.515.364,485.242,8.708,759.956,0,0,0,0,0,0,0,0
8,for_0_a_3200,64,xdpdrv,0.0.0.255,60,1,0,64,1.598.993,1.019.264,207.361,7.867,272.196,0,0,0,0,0,0,0,0
2,for_0_a_100,64,xdpgeneric,0.0.0.255,60,1,0,63,1.155.844,1.028.164,209.824,8.046,274.484,0,0,0,0,0,0,0,0
2,for_0_a_200,1500,xdpdrv,0.0.0.255,60,1,0,65,970.310,1.037.388,210.270,7.924,276.946,0,0,0,0,0,0,0,0
2,for_0_a_200,512,xdpgeneric,0.0.0.255,60,1,0,63,988.214,1.014.324,205.738,7.769,270.646,0,0,0,0,0,0,0,0
8,for_0_a_400,128,xdpdrv,0.0.0.255,60,1,0,63,1.558.683,1.008.348,205.691,7.306,268.820,0,0,0,0,0,0,0,0
2,for_0_a_800,1024,xdpdrv,0.0.0.255,60,1,0,64,953.091,1.024.054,208.458,7.730,273.220,21.368,0,0,0,0,0,0,0
8,for_0_a_1,1024,xdpdrv,0.0.0.255,60,1,0,64,1.017.013,1.014.881,206.854,7.283,270.663,20.970,0,0,0,0,0,0,0
8,for_0_a_400,256,xdpgeneric,0.0.0.255,60,1,0,65,1.853.488,1.021.686,208.513,8.015,272.707,0,0,0,0,0,0,0,0
1,for_0_a_6400,256,xdpgeneric,0.0.0.255,60,1,0,65,966.225,1.031.411,209.742,7.664,275.558,17.989,0,0,0,0,0,0,0
2,for_0_a_0,128,xdpgeneric,0.0.0.255,60,1,0,64,1.036.395,1.005.201,204.588,8.091,268.094,0,0,0,0,0,0,0,0
4,for_0_a_0,512,xdpdrv,0.0.0.255,60,1,0,65,969.065,1.036.958,210.483,7.929,276.943,19.429,0,0,0,0,0,0,0
8,for_0_a_12800,256,xdpdrv,0.0.0.255,60,1,0,63,1.540.622,1.008.621,205.003,7.651,269.423,0,0,0,0,0,0,0,0
4,for_0_a_400,1500,xdpgeneric,0.0.0.255,60,1,0,64,979.659,1.008.190,205.081,8.004,268.902,0,0,0,0,0,0,0,0
8,for_0_a_800,128,xdpdrv,0.0.0.255,60,1,0,64,1.616.373,1.038.777,211.160,8.063,277.362,0,0,0,0,0,0,0,0
1,for_0_a_6400,128,xdpdrv,0.0.0.255,60,1,0,64,946.143,1.007.432,205.000,7.878,268.694,19.016,0,0,0,0,0,0,0
8,for_0_a_400,1500,xdpdrv,0.0.0.255,60,1,0,64,1.237.698,1.016.022,207.150,7.496,271.078,0,0,0,0,0,0,0,0
2,for_0_a_3200,64,xdpgeneric,0.0.0.255,60,1,0,64,975.109,1.012.981,206.189,7.706,270.386,21.908,0,0,0,0,0,0,0
8,for_0_a_1,256,xdpgeneric,0.0.0.255,60,1,0,62,2.183.345,1.011.112,205.476,7.908,269.563,0,0,0,0,0,0,0,0
4,for_0_a_12800,64,xdpgeneric,0.0.0.255,60,1,0,63,982.282,1.023.884,207.854,8.002,273.050,17.743,0,0,0,0,0,0,0
2,for_0_a_12800,256,xdpdrv,0.0.0.255,60,1,0,65,950.208,1.032.523,210.218,7.786,275.636,20.371,0,0,0,0,0,0,0
4,for_0_a_1600,512,xdpdrv,0.0.0.255,60,1,0,63,1.124.478,1.012.119,206.249,7.492,270.130,0,0,0,0,0,0,0,0
8,for_0_a_0,1024,xdpdrv,0.0.0.255,60,1,0,64,1.045.097,1.019.188,207.837,8.084,272.064,0,0,0,0,0,0,0,0
2,for_0_a_400,512,xdpdrv,0.0.0.255,60,1,0,63,966.948,1.038.442,210.991,7.730,277.241,18.601,0,0,0,0,0,0,0
1,for_0_a_200,1500,xdpgeneric,0.0.0.255,60,1,0,64,967.038,1.022.203,208.355,8.091,272.571,0,0,0,0,0,0,0,0
4,for_0_a_12800,1500,xdpdrv,0.0.0.255,60,1,0,64,1.095.352,1.038.406,211.181,7.817,277.363,0,0,0,0,0,0,0,0
2,for_0_a_1600,1500,xdpgeneric,0.0.0.255,60,1,0,64,951.224,1.008.710,205.398,7.558,269.333,0,0,0,0,0,0,0,0
1,for_0_a_1,64,xdpdrv,0.0.0.255,60,1,0,63,948.028,1.004.905,204.451,8.061,268.010,0,0,0,0,0,0,0,0
2,for_0_a_3200,1024,xdpdrv,0.0.0.255,60,1,0,65,962.258,1.039.022,211.423,8.023,277.440,0,0,0,0,0,0,0,0
4,for_0_a_6400,1500,xdpgeneric,0.0.0.255,60,1,0,63,972.133,1.006.227,205.171,7.786,268.614,17.465,0,0,0,0,0,0,0
8,for_0_a_800,64,xdpgeneric,0.0.0.255,60,1,0,64,1.760.445,1.024.410,208.591,8.076,273.520,0,0,0,0,0,0,0,0
2,for_0_a_0,128,xdpdrv,0.0.0.255,60,1,0,63,927.497,1.004.488,204.674,7.904,268.084,0,0,0,0,0,0,0,0
8,for_0_a_1,1024,xdpgeneric,0.0.0.255,60,1,0,63,1.550.789,1.450.405,281.623,8.409,403.416,0,0,0,0,0,0,0,0
1,for_0_a_0,64,xdpgeneric,0.0.0.255,60,1,0,65,992.756,1.035.294,211.199,7.869,276.598,0,0,0,0,0,0,0,0
8,for_0_a_6400,128,xdpgeneric,0.0.0.255,60,1,0,64,1.708.703,1.022.311,208.150,8.012,272.928,0,0,0,0,0,0,0,0
2,for_0_a_6400,512,xdpdrv,0.0.0.255,60,1,0,64,948.430,993.400,202.549,7.922,265.156,18.178,0,0,0,0,0,0,0
4,for_0_a_3200,64,xdpdrv,0.0.0.255,60,1,0,64,944.494,1.004.066,204.574,7.897,267.964,18.691,0,0,0,0,0,0,0
2,for_0_a_6400,1500,xdpgeneric,0.0.0.255,60,1,0,64,955.843,1.024.230,208.765,7.890,273.257,0,0,0,0,0,0,0,0
4,for_0_a_200,1500,xdpdrv,0.0.0.255,60,1,0,65,1.271.869,1.013.033,206.445,8.041,270.303,0,0,0,0,0,0,0,0
8,for_0_a_100,1024,xdpdrv,0.0.0.255,60,1,0,65,1.140.789,1.031.578,209.668,8.133,275.390,0,0,0,0,0,0,0,0
1,for_0_a_100,64,xdpdrv,0.0.0.255,60,1,0,64,946.734,1.013.086,206.395,7.622,270.512,20.968,0,0,0,0,0,0,0
4,for_0_a_1600,1500,xdpgeneric,0.0.0.255,60,1,0,65,1.021.924,1.037.322,210.532,7.750,276.990,16.077,0,0,0,0,0,0,0
1,for_0_a_800,128,xdpgeneric,0.0.0.255,60,1,0,64,993.113,1.018.164,207.352,8.001,271.671,15.175,0,0,0,0,0,0,0
2,for_0_a_1,512,xdpdrv,0.0.0.255,60,1,0,64,972.217,1.036.139,209.744,8.077,275.529,0,0,0,0,0,0,0,0
2,for_0_a_400,256,xdpdrv,0.0.0.255,60,1,0,64,945.178,1.013.285,205.615,7.738,270.430,19.378,0,0,0,0,0,0,0
2,for_0_a_6400,64,xdpdrv,0.0.0.255,60,1,0,65,973.263,1.050.972,213.777,8.195,281.267,19.409,0,0,0,0,0,0,0
8,for_0_a_12800,512,xdpdrv,0.0.0.255,60,1,0,64,1.553.351,1.009.767,205.209,7.742,269.963,0,0,0,0,0,0,0,0
8,for_0_a_100,1500,xdpdrv,0.0.0.255,60,1,0,65,1.182.765,1.346.253,268.304,8.159,379.513,0,0,0,0,0,0,0,0
2,for_0_a_12800,512,xdpgeneric,0.0.0.255,60,1,0,65,971.666,1.036.419,211.261,7.618,276.726,19.093,0,0,0,0,0,0,0
2,for_0_a_100,128,xdpdrv,0.0.0.255,60,1,0,64,996.670,1.019.670,207.896,7.917,271.948,0,0,0,0,0,0,0,0
4,for_0_a_100,256,xdpgeneric,0.0.0.255,60,1,0,65,1.008.244,1.031.821,209.626,7.667,275.402,0,0,0,0,0,0,0,0
1,for_0_a_800,1500,xdpdrv,0.0.0.255,60,1,0,64,962.729,1.023.031,208.663,8.219,272.910,19.294,0,0,0,0,0,0,0
4,for_0_a_1,512,xdpgeneric,0.0.0.255,60,1,0,64,1.849.397,1.022.013,208.077,7.765,272.834,0,0,0,0,0,0,0,0
1,for_0_a_200,128,xdpgeneric,0.0.0.255,60,1,0,64,966.002,1.011.849,205.990,7.916,269.952,0,0,0,0,0,0,0,0
4,for_0_a_12800,512,xdpdrv,0.0.0.255,60,1,0,64,949.647,1.025.428,208.833,7.858,273.988,0,0,0,0,0,0,0,0
2,for_0_a_12800,1024,xdpgeneric,0.0.0.255,60,1,0,63,962.664,1.010.714,204.876,7.819,268.974,0,0,0,0,0,0,0,0
1,for_0_a_1600,64,xdpgeneric,0.0.0.255,60,1,0,64,977.858,1.021.688,207.676,8.182,272.850,0,0,0,0,0,0,0,0
1,for_0_a_800,1500,xdpgeneric,0.0.0.255,60,1,0,65,956.322,1.032.064,209.634,7.415,275.325,18.277,0,0,0,0,0,0,0
1,for_0_a_400,512,xdpgeneric,0.0.0.255,60,1,0,63,944.478,1.001.306,203.953,7.540,267.209,0,0,0,0,0,0,0,0
8,for_0_a_400,1024,xdpgeneric,0.0.0.255,60,1,0,62,1.488.989,998.549,203.279,8.110,266.162,0,0,0,0,0,0,0,0
4,for_0_a_100,1024,xdpgeneric,0.0.0.255,60,1,0,64,3.084.503,3.080.323,577.175,9.485,924.981,83.309,0,0,0,0,0,0,0
8,for_0_a_1600,1500,xdpdrv,0.0.0.255,60,1,0,64,1.508.658,1.028.903,209.433,7.934,274.829,0,0,0,0,0,0,0,0
